ID,Default,Checking_amount,Term,Credit_score,Gender,Marital_status ,Car_loan,Personal_loan,Home_loan,Education_loan,Emp_status,Amount,Saving_amount,Emp_duration ,Age,No_of_credit_acc
101,No,988,15,796,Female,Single,Yes,No,No,No,employed,1536,3455,12,38,1
102,No,458,15,813,Female,Single,Yes,No,No,No,employed,947,3600,25,36,1
103,No,158,14,756,Female,Single,No,Yes,No,No,employed,1678,3093,43,34,1
104,Yes,300,25,737,Female,Single,No,No,No,Yes,employed,1804,2449,0,29,1
105,Yes,63,24,662,Female,Single,No,No,No,Yes,unemployed,1184,2867,4,30,1
106,No,1071,20,828,Male,Married,Yes,No,No,No,employed,475,3282,12,32,2
107,No,-192,13,856,Male,Single,Yes,No,No,No,employed,626,3398,11,38,1
108,No,172,16,763,Female,Single,Yes,No,No,No,employed,1224,3022,12,36,1
109,No,585,20,778,Female,Single,Yes,No,No,No,unemployed,1162,3475,12,36,1
110,Yes,189,19,649,Male,Married,Yes,No,No,No,employed,786,2711,0,29,1
111,Yes,214,19,742,Male,Married,No,No,No,Yes,employed,1270,2925,0,25,1
112,No,710,18,772,Female,Single,No,Yes,No,No,employed,1198,3694,13,32,2
113,No,268,18,815,Male,Married,No,Yes,No,No,employed,1244,3403,21,31,2
114,Yes,262,21,726,Female,Single,Yes,No,No,No,unemployed,977,2191,10,24,4
115,Yes,24,21,705,Female,Single,Yes,No,No,No,employed,1212,2965,0,30,3
116,No,887,18,779,Female,Single,No,Yes,No,No,employed,1162,3228,4,34,3
117,No,360,20,710,Male,Married,No,No,Yes,No,employed,1437,3484,5,33,4
118,No,571,16,779,Male,Married,Yes,No,No,No,employed,1318,3935,3,32,9
119,No,382,15,757,Male,Married,Yes,No,No,No,employed,910,3730,5,31,9
120,No,1151,13,784,Male,Single,No,Yes,No,No,employed,869,3315,26,32,2
121,No,167,19,773,Male,Married,No,Yes,No,No,unemployed,1200,2929,25,35,2
122,Yes,491,25,747,Male,Married,No,No,No,Yes,employed,868,2558,24,29,1
123,No,156,20,851,Male,Married,Yes,No,No,No,employed,1518,3337,43,37,2
124,No,285,18,700,Male,Married,Yes,No,No,No,employed,1022,3047,49,32,1
125,Yes,-38,25,710,Female,Single,No,No,No,Yes,employed,1133,3213,1,28,1
126,No,794,21,861,Female,Single,No,Yes,No,No,employed,1386,3326,6,29,2
127,No,347,19,799,Female,Single,No,Yes,No,No,unemployed,1176,2978,62,35,2
128,No,258,18,766,Female,Single,No,Yes,No,No,unemployed,768,3738,83,34,2
129,No,490,15,798,Male,Married,No,Yes,No,No,unemployed,1098,3458,107,27,1
130,No,16,22,764,Male,Single,Yes,No,No,No,unemployed,1166,2906,19,32,1
131,No,405,27,753,Male,Single,No,No,Yes,No,unemployed,1085,3595,60,28,2
132,No,350,19,801,Male,Single,Yes,No,No,No,employed,958,2958,89,33,1
133,Yes,382,21,697,Female,Single,Yes,No,No,No,employed,1164,2713,46,20,1
134,No,506,17,768,Female,Single,No,Yes,No,No,employed,1131,3189,37,30,1
135,No,122,22,837,Female,Single,Yes,No,No,No,employed,921,3091,56,37,1
136,Yes,45,12,563,Female,Single,No,Yes,No,No,unemployed,1605,3231,2,26,2
137,No,512,15,828,Female,Single,No,Yes,No,No,employed,1355,3739,22,34,1
138,Yes,51,20,694,Female,Single,Yes,No,No,No,employed,1551,3294,34,23,1
139,No,484,18,721,Female,Single,No,Yes,No,No,employed,1101,3391,66,29,1
140,Yes,382,20,774,Male,Married,No,No,No,Yes,employed,1255,3319,73,25,2
141,Yes,-292,17,712,Male,Married,Yes,No,No,No,employed,1982,2414,9,25,2
142,No,367,12,833,Male,Married,No,Yes,No,No,employed,783,3555,110,33,1
143,No,472,14,754,Female,Single,Yes,No,No,No,employed,795,2806,7,34,2
144,Yes,65,20,817,Female,Single,Yes,No,No,No,employed,1399,2969,11,27,1
145,No,622,15,801,Female,Single,No,Yes,No,No,employed,846,3494,44,30,1
146,No,362,20,793,Male,Married,No,Yes,No,No,employed,655,3124,29,30,2
147,No,197,18,822,Male,Single,No,Yes,No,No,employed,1286,3996,10,33,1
148,No,75,20,834,Male,Single,Yes,No,No,No,employed,1597,3683,21,30,1
149,Yes,287,17,746,Female,Single,Yes,No,No,No,employed,1502,3409,41,27,1
150,Yes,263,15,725,Female,Single,No,No,No,Yes,employed,1651,3270,24,30,2
151,No,255,21,756,Female,Single,No,No,Yes,No,employed,1452,2993,16,28,2
152,No,779,16,782,Female,Single,Yes,No,No,No,employed,1028,2833,19,35,2
153,Yes,340,22,601,Male,Married,Yes,No,No,No,employed,1224,2682,10,30,2
154,No,565,17,773,Male,Married,No,Yes,No,No,employed,1262,2843,20,33,2
155,No,602,15,783,Male,Married,No,No,No,Yes,employed,1171,3214,15,30,2
156,No,1109,15,699,Male,Single,No,Yes,No,No,unemployed,894,3558,13,33,2
157,No,307,15,778,Male,Married,Yes,No,No,No,unemployed,1473,3973,63,34,1
158,No,752,20,845,Female,Single,No,Yes,No,No,unemployed,1246,3472,69,36,1
159,No,326,17,811,Male,Single,No,Yes,No,No,unemployed,911,3001,47,36,1
160,No,177,22,763,Male,Single,No,Yes,No,No,employed,872,3513,95,31,2
161,Yes,110,21,803,Female,Single,Yes,No,No,No,employed,1286,2903,9,25,2
162,No,428,17,713,Female,Single,No,Yes,No,No,employed,960,3475,46,30,2
163,Yes,181,17,713,Male,Married,No,No,No,Yes,employed,1422,3078,37,22,2
164,No,253,20,759,Male,Single,No,Yes,No,No,employed,1059,3377,7,34,2
165,No,253,20,,Male,Single,No,,,No,employed,1058,3378,,35,2
166,No,646,24,777,Male,Single,Yes,No,No,No,employed,1447,3375,19,28,1
167,Yes,620,20,738,Male,Single,No,No,No,Yes,employed,1616,2640,42,23,2
168,No,944,16,724,Male,Single,No,Yes,No,No,employed,1200,3283,59,39,1
169,No,227,19,807,Male,Single,No,Yes,No,No,employed,1539,3672,62,29,2
170,Yes,288,19,690,Female,Single,No,No,No,Yes,employed,2052,3301,43,28,1
171,No,368,13,769,Female,Single,No,Yes,No,No,employed,1983,3412,50,36,1
172,No,836,19,760,Female,Single,No,Yes,No,No,employed,1502,2952,99,36,1
173,No,159,25,736,Female,Single,No,Yes,No,No,employed,1274,3044,99,40,1
174,No,542,19,683,Male,Married,No,Yes,No,No,employed,755,2951,43,33,2
175,No,402,19,804,Male,Married,No,Yes,No,No,employed,1403,3536,68,26,1
176,No,532,23,772,Male,Married,No,Yes,No,No,employed,864,3119,70,36,1
177,No,526,13,776,Male,Married,No,Yes,No,No,employed,1350,3391,118,37,2
178,Yes,753,11,756,Male,Married,No,Yes,No,No,employed,1424,3040,96,27,1
179,No,599,14,822,Male,Married,No,No,No,Yes,employed,902,3532,85,35,1
180,No,446,12,680,Female,Single,No,Yes,No,No,employed,972,3167,116,28,2
181,No,439,14,811,Female,Single,No,Yes,No,No,employed,837,3362,9,31,1
182,Yes,58,20,941,Female,Single,Yes,No,No,No,employed,1182,2911,8,30,2
183,No,949,15,732,Male,Single,No,No,Yes,No,employed,1192,4012,8,32,2
184,No,618,18,757,Male,Married,No,Yes,No,No,employed,949,3754,1,32,2
185,No,76,24,768,Male,Married,No,Yes,No,No,employed,1526,3236,25,36,1
186,Yes,132,17,712,Female,Single,Yes,No,No,No,employed,845,2648,10,19,2
187,No,733,17,762,Male,Married,No,Yes,No,No,employed,1512,3526,4,36,2
188,Yes,213,13,641,Male,Married,No,Yes,No,No,employed,545,2771,27,26,1
189,No,286,13,827,Male,Married,No,Yes,No,No,employed,1570,3020,30,29,2
190,No,469,17,742,Male,Married,Yes,No,No,No,employed,791,3568,90,36,2
191,No,404,18,788,Male,Married,No,Yes,No,No,employed,1161,3595,34,32,2
192,Yes,166,26,704,Male,Single,No,No,No,Yes,employed,1224,2564,6,31,1
193,No,523,16,826,Male,Single,No,Yes,No,No,employed,843,3555,90,34,1
194,No,348,14,832,Female,Single,No,No,No,Yes,employed,1146,2862,14,35,1
195,No,413,15,782,Female,Single,No,Yes,No,No,employed,1372,3297,37,32,2
196,No,250,14,786,Female,Single,No,Yes,No,No,employed,1085,2856,32,34,1
197,No,289,18,715,Female,Single,No,Yes,No,No,employed,1005,3211,3,32,1
198,Yes,-122,17,697,Male,Married,Yes,No,No,No,employed,1343,2810,23,24,2
199,No,566,14,736,Male,Single,No,No,No,Yes,employed,1204,3061,87,36,2
200,No,336,18,817,Male,Single,No,Yes,No,No,employed,1429,3391,17,31,1
201,Yes,290,21,531,Female,Single,Yes,No,No,No,employed,1454,2706,2,23,2
202,No,437,18,853,Female,Single,No,Yes,No,No,employed,1294,3199,34,36,1
203,No,561,19,783,Female,Single,No,Yes,No,No,employed,1923,3243,45,37,1
204,Yes,147,18,528,Female,Single,No,Yes,No,No,employed,1429,2956,20,27,1
205,Yes,276,17,1029,Male,Married,Yes,No,No,No,employed,1304,2797,27,28,1
206,No,396,15,843,Male,Single,No,Yes,No,No,employed,1363,3317,13,32,1
207,No,377,18,746,Female,Single,No,Yes,No,No,employed,1764,3067,40,25,2
208,Yes,-48,20,716,Male,Married,Yes,No,No,No,employed,1384,3023,27,22,1
209,Yes,354,19,759,Male,Single,Yes,No,No,No,employed,945,2928,57,31,1
210,Yes,255,22,566,Female,Single,Yes,No,No,No,employed,1265,2600,7,29,2
211,Yes,-32,19,653,Female,Single,No,No,No,Yes,employed,1752,2533,2,27,2
212,No,321,19,763,Male,Married,No,Yes,No,No,employed,872,2864,51,32,1
213,No,659,12,806,Male,Single,No,Yes,No,No,employed,1137,3001,95,31,1
214,Yes,-216,19,697,Male,Single,No,No,Yes,No,employed,1477,3249,3,30,1
215,Yes,485,19,810,Male,Single,Yes,No,No,No,employed,1237,2686,6,27,2
216,Yes,-235,24,610,Female,Single,No,No,No,Yes,employed,1101,3007,77,24,2
217,No,482,17,745,Male,Married,Yes,No,No,No,employed,1365,3279,90,30,2
218,No,483,12,748,Female,Single,No,Yes,No,No,employed,1674,3384,101,40,5
219,No,-188,16,778,Male,Married,No,Yes,No,No,employed,984,3193,115,35,4
220,No,681,20,759,Female,Single,No,Yes,No,No,employed,611,2623,6,36,3
221,No,520,22,723,Female,Single,No,No,No,Yes,employed,1112,2836,89,28,5
222,Yes,297,22,672,Male,Single,No,No,No,Yes,employed,1271,3116,86,24,5
223,Yes,351,19,674,Female,Single,Yes,No,No,No,employed,1089,2924,36,27,3
224,Yes,-28,21,691,Female,Single,No,No,No,Yes,employed,809,2929,34,29,3
225,No,220,18,699,Male,Single,No,Yes,No,No,employed,1546,3339,67,33,4
226,Yes,100,21,689,Female,Single,No,No,No,Yes,employed,1180,3180,6,28,5
227,No,119,12,895,Female,Single,No,Yes,No,No,employed,1348,3384,22,30,3
228,No,398,18,758,Female,Single,No,Yes,No,No,employed,967,3269,64,42,3
229,No,278,21,668,Female,Single,Yes,No,No,No,employed,1401,3835,26,31,5
230,Yes,368,15,670,Male,Married,No,No,No,Yes,employed,848,2641,10,32,3
231,No,561,16,773,Male,Married,Yes,No,No,No,employed,1467,3330,29,32,4
232,No,493,15,815,Male,Married,No,Yes,No,No,employed,974,3593,41,35,3
233,No,432,21,789,Male,Married,No,Yes,No,No,employed,1007,3270,33,36,3
234,No,669,16,824,Male,Single,No,Yes,No,No,employed,1004,3374,105,31,3
235,No,456,18,796,Female,Single,Yes,No,No,No,employed,985,3348,82,35,4
236,No,350,15,716,Male,Married,No,Yes,No,No,employed,1051,3361,20,33,4
237,No,595,20,753,Male,Married,Yes,No,No,No,employed,1318,2974,53,38,4
238,No,301,16,862,Male,Married,Yes,No,No,No,unemployed,1242,3141,112,33,4
239,No,407,18,723,Male,Married,Yes,No,No,No,unemployed,1450,2871,111,37,3
240,No,198,14,823,Male,Married,No,Yes,No,No,unemployed,1719,3465,108,38,5
241,No,375,15,677,Male,Married,No,No,Yes,No,employed,1048,2603,11,28,4
242,No,1184,20,722,Female,Single,Yes,No,No,No,employed,1165,3087,11,36,5
243,Yes,-386,21,753,Male,Married,Yes,No,No,No,employed,1357,3190,2,26,5
244,No,901,19,876,Male,Married,No,No,Yes,No,employed,1510,3664,37,32,3
245,Yes,286,24,763,Male,Married,No,No,No,Yes,employed,1549,2913,34,26,4
246,No,335,11,793,Male,Married,No,Yes,No,No,employed,1118,2865,84,30,4
247,No,188,18,828,Male,Married,No,Yes,No,No,employed,1478,4014,95,33,4
248,No,676,11,790,Male,Single,No,Yes,No,No,employed,1383,3205,42,28,4
249,No,362,22,817,Female,Single,No,No,No,Yes,employed,1773,3347,77,32,3
250,No,601,15,711,Male,Married,No,Yes,No,No,employed,898,2844,5,35,4
251,No,146,17,806,Male,Married,No,No,Yes,No,employed,1458,2688,41,33,3
252,No,1213,13,827,Female,Single,No,Yes,No,No,employed,710,3044,97,33,5
253,No,563,17,844,Male,Married,Yes,No,No,No,employed,1747,3244,45,30,4
254,No,-301,15,818,Male,Married,Yes,No,No,No,employed,1384,3970,22,41,5
255,No,167,21,794,Male,Married,No,Yes,No,No,employed,1193,3148,108,32,5
256,No,247,14,679,Male,Married,Yes,No,No,No,employed,591,3122,14,30,5
257,No,49,18,717,Male,Married,Yes,No,No,No,employed,947,3463,82,32,4
258,No,27,16,803,Male,Single,No,No,No,Yes,employed,801,3324,5,35,5
259,No,533,14,643,Female,Single,Yes,No,No,No,employed,1070,3315,48,34,4
260,Yes,223,23,874,Male,Married,Yes,No,No,No,employed,1358,2645,108,28,5
261,No,233,15,866,Male,Married,No,Yes,No,No,employed,1670,3007,120,33,4
262,No,591,21,739,Male,Married,No,No,Yes,No,employed,1455,2923,89,33,5
263,Yes,158,16,652,Female,Single,Yes,No,No,No,employed,652,2960,117,34,5
264,No,67,19,765,Female,Single,No,Yes,No,No,employed,1770,3370,0,32,9
265,Yes,38,24,734,Male,Married,No,No,No,Yes,employed,582,3654,45,27,6
266,No,630,21,642,Male,Married,No,Yes,No,No,employed,939,3133,92,30,9
267,No,727,19,764,Female,Single,No,No,No,Yes,employed,1633,3318,114,32,7
268,No,317,16,776,Female,Single,No,Yes,No,No,employed,1116,2987,67,38,8
269,Yes,229,16,586,Male,Single,No,No,No,Yes,employed,1337,3255,5,29,2
270,No,538,15,617,Female,Single,No,Yes,No,No,employed,1131,3217,10,33,1
271,No,655,14,771,Female,Single,No,Yes,No,No,employed,1497,3231,33,26,1
272,No,-129,11,680,Male,Single,No,Yes,No,No,employed,1577,3885,20,36,2
273,No,818,13,745,Male,Single,No,Yes,No,No,employed,869,3631,75,28,1
274,Yes,-127,20,844,Female,Single,No,No,No,Yes,employed,1165,3421,8,22,1
275,Yes,-108,22,638,Female,Single,Yes,No,No,No,employed,1579,2290,31,26,2
276,No,55,21,809,Male,Single,No,Yes,No,No,employed,1031,3000,1,33,2
277,No,644,16,698,Female,Single,No,Yes,No,No,employed,1011,3385,10,27,1
278,No,490,18,758,Female,Single,Yes,No,No,No,employed,1665,3149,10,35,2
279,Yes,174,18,750,Female,Single,Yes,No,No,No,employed,1385,2992,33,28,2
280,Yes,73,18,652,Female,Single,Yes,No,No,No,employed,922,2844,23,27,2
281,Yes,158,18,780,Female,Single,Yes,No,No,No,employed,1427,3142,63,31,1
282,No,546,19,642,Female,Single,No,Yes,No,No,employed,1340,2994,71,36,1
283,No,346,13,799,Female,Single,Yes,No,No,No,employed,1269,3710,106,34,1
284,No,11,22,788,Male,Single,Yes,No,No,No,employed,494,2942,36,33,1
285,No,752,17,774,Male,Single,No,Yes,No,No,employed,1240,3606,14,38,1
286,Yes,342,22,673,Female,Single,Yes,No,No,No,employed,996,2903,0,30,1
287,No,265,21,800,Female,Single,No,Yes,No,No,employed,866,3251,7,35,1
288,No,250,17,732,Female,Single,Yes,No,No,No,employed,941,3224,23,33,1
289,Yes,38,22,864,Male,Married,No,No,No,Yes,unemployed,1141,2807,38,27,2
290,No,551,16,741,Male,Single,No,Yes,No,No,unemployed,1882,2995,38,34,1
291,Yes,-200,20,784,Male,Single,Yes,No,No,No,unemployed,962,3015,27,22,1
292,No,315,19,754,Male,Married,Yes,No,No,No,unemployed,1666,3639,35,32,2
293,Yes,57,14,974,Female,Single,Yes,No,No,No,unemployed,867,3061,6,27,2
294,Yes,293,21,765,Female,Single,No,No,No,Yes,employed,1905,2726,7,25,2
295,No,-44,17,737,Female,Single,No,Yes,No,No,employed,1289,3730,2,33,2
296,Yes,584,22,591,Female,Single,No,No,No,Yes,employed,1031,3347,12,25,2
297,No,631,15,690,Female,Single,No,No,No,Yes,employed,1340,3182,9,29,2
298,Yes,568,20,698,Female,Single,No,No,No,Yes,employed,1164,2753,9,28,1
299,No,701,12,800,Female,Single,No,Yes,No,No,employed,812,2633,11,35,1
300,No,745,14,812,Female,Single,No,No,No,Yes,employed,719,3557,46,38,1
301,No,445,19,633,Female,Single,No,Yes,No,No,employed,829,3156,65,31,1
302,No,336,13,807,Female,Single,Yes,No,No,No,employed,1221,3463,74,28,1
303,No,639,14,888,Female,Single,No,Yes,No,No,employed,821,2924,115,31,1
304,No,239,17,790,Male,Married,Yes,No,No,No,employed,1275,3441,18,35,1
305,No,215,18,746,Male,Married,No,No,Yes,No,employed,1310,2892,69,30,2
306,No,460,16,673,Male,Married,No,Yes,No,No,employed,1133,3679,100,26,2
307,Yes,445,23,658,Male,Single,No,No,No,Yes,employed,985,2652,75,32,1
308,No,783,16,774,Male,Single,No,Yes,No,No,employed,664,3388,68,28,2
309,Yes,375,21,699,Male,Married,No,Yes,No,No,employed,1353,2919,36,29,2
310,Yes,170,22,799,Male,Married,Yes,No,No,No,employed,1562,3009,88,26,1
311,Yes,352,23,717,Male,Single,No,No,No,Yes,employed,1045,2657,9,24,2
312,Yes,72,19,759,Female,Single,Yes,No,No,No,employed,823,2725,1,28,2
313,No,312,20,788,Female,Single,No,Yes,No,No,employed,1387,3029,5,25,2
314,Yes,192,24,652,Female,Single,No,No,No,Yes,employed,1597,2929,22,31,2
315,Yes,-407,19,638,Male,Single,No,No,No,Yes,employed,1277,2796,6,29,1
316,Yes,161,18,801,Female,Single,Yes,No,No,No,employed,1115,2954,12,27,2
317,No,10,20,798,Female,Single,Yes,No,No,No,employed,1298,3131,74,31,2
318,No,553,16,739,Male,Married,No,Yes,No,No,employed,891,3481,67,39,2
319,No,541,14,813,Male,Single,Yes,No,No,No,employed,949,3402,16,31,2
320,Yes,452,19,831,Male,Single,No,Yes,No,No,employed,1804,3162,31,30,2
321,No,1199,16,792,Female,Single,Yes,No,No,No,employed,900,2706,0,36,2
322,No,236,17,842,Female,Single,No,Yes,No,No,employed,783,4010,2,35,1
323,Yes,143,19,816,Female,Single,Yes,No,No,No,employed,826,3322,11,26,2
324,No,281,14,744,Female,Single,Yes,No,No,No,employed,1295,3355,1,31,1
325,No,496,19,771,Female,Single,Yes,No,No,No,employed,1264,3270,14,33,1
326,Yes,276,17,723,Female,Single,No,Yes,No,No,employed,1125,3256,38,32,2
327,No,822,12,690,Female,Single,No,Yes,No,No,employed,1327,3713,48,33,2
328,No,466,23,768,Female,Single,Yes,No,No,No,employed,1175,3251,24,35,2
329,No,-335,14,786,Female,Single,No,Yes,No,No,employed,1065,3029,59,30,1
330,No,170,22,796,Male,Married,No,Yes,No,No,employed,1557,2898,72,31,2
331,No,397,19,660,Male,Single,Yes,No,No,No,employed,1440,3716,9,36,1
332,Yes,479,19,554,Female,Single,No,Yes,No,No,employed,1130,2898,17,23,2
333,No,789,19,795,Female,Single,Yes,No,No,No,employed,1163,2896,37,29,2
334,Yes,297,18,738,Female,Single,No,No,No,Yes,employed,1225,2681,65,31,1
335,No,94,17,807,Male,Married,Yes,No,No,No,employed,1406,3484,21,36,2
336,Yes,225,15,704,Female,Single,No,No,No,Yes,employed,1528,2808,119,22,2
337,No,527,17,751,Male,Married,No,No,No,Yes,employed,1272,3563,81,39,2
338,No,424,20,768,Male,Married,No,Yes,No,No,employed,768,3031,105,35,1
339,Yes,391,21,512,Female,Single,Yes,No,No,No,employed,1566,2886,50,27,2
340,No,261,17,764,Female,Single,Yes,No,No,No,employed,1321,3837,90,36,1
341,Yes,-44,21,603,Male,Married,No,No,No,Yes,employed,1708,2718,4,24,2
342,Yes,333,22,767,Male,Married,No,No,No,Yes,employed,1183,3306,105,23,2
343,No,887,21,749,Female,Single,No,Yes,No,No,employed,1576,3220,4,29,2
344,No,550,18,931,Female,Single,No,Yes,No,No,employed,1437,3918,6,38,1
345,No,588,16,832,Female,Single,No,Yes,No,No,employed,1055,3271,5,29,2
346,No,839,13,747,Female,Single,No,Yes,No,No,employed,1963,3320,8,32,2
347,No,258,15,787,Female,Single,No,Yes,No,No,employed,1424,2932,36,28,2
348,No,167,17,817,Female,Single,No,Yes,No,No,employed,1773,2730,25,30,2
349,No,509,17,877,Female,Single,No,No,No,No,employed,1447,3291,22,31,2
350,Yes,16,18,682,Female,Single,No,Yes,No,No,employed,1121,3145,75,32,1
351,No,880,17,752,Female,Single,No,Yes,No,No,employed,770,3275,83,28,1
352,No,516,16,813,Male,Married,Yes,No,No,No,employed,912,2970,3,34,1
353,No,882,25,827,Male,Married,No,Yes,No,No,employed,1413,3243,12,31,2
354,No,44,15,745,Male,Married,No,No,Yes,No,employed,1086,3240,60,31,2
355,No,-45,18,829,Male,Married,No,Yes,No,No,employed,1058,3422,108,30,2
356,No,222,17,824,Male,Single,No,No,Yes,No,employed,1609,3279,41,28,1
357,No,170,19,858,Male,Single,Yes,No,No,No,employed,1685,3735,44,37,1
358,Yes,58,19,892,Male,Single,No,Yes,No,No,employed,1261,2954,25,25,2
359,No,239,20,814,Male,Single,No,Yes,No,No,employed,1345,3204,110,32,2
360,Yes,41,17,792,Male,Married,Yes,No,No,No,employed,1107,2755,94,32,1
361,No,510,14,790,Female,Single,No,Yes,No,No,employed,1359,3293,10,33,2
362,No,492,10,735,Female,Single,No,Yes,No,No,employed,1111,3108,82,36,2
363,No,949,14,787,Male,Single,No,Yes,No,No,employed,719,3051,29,35,1
364,Yes,431,20,625,Male,Single,No,No,No,Yes,employed,869,3369,16,26,1
365,No,729,20,796,Male,Single,No,Yes,No,No,employed,1266,3325,88,35,2
366,Yes,78,18,642,Female,Single,No,Yes,No,No,employed,763,2421,48,20,2
367,Yes,94,18,716,Female,Single,No,Yes,No,No,employed,1317,3423,22,24,2
368,No,18,13,845,Female,Single,No,Yes,No,No,employed,1008,3013,25,39,1
369,No,387,21,843,Male,Married,No,Yes,No,No,employed,1162,2738,30,30,1
370,No,491,16,815,Male,Married,No,Yes,No,No,employed,1077,2894,42,28,1
371,No,324,18,766,Male,Married,No,Yes,No,No,employed,1523,3352,47,31,2
372,No,327,19,803,Male,Married,No,Yes,No,No,employed,1315,3437,42,37,2
373,No,425,18,810,Male,Married,No,Yes,No,No,employed,969,3507,27,30,1
374,No,787,20,752,Male,Married,No,Yes,No,No,employed,1661,3210,48,37,1
375,Yes,138,25,627,Male,Married,Yes,No,No,No,employed,988,2815,77,25,1
376,No,374,17,780,Male,Single,Yes,No,No,No,employed,1313,3448,6,34,1
377,No,375,17,780,Male,Single,No,Yes,No,No,employed,1531,3073,10,32,1
378,No,475,16,845,Male,Single,No,Yes,No,No,employed,1621,3332,5,32,2
379,No,476,,845,Male,Single,No,,No,,employed,1622,3331,,32,1
380,No,868,12,762,Male,Single,No,Yes,No,0,employed,1072,3309,14,36,1
381,No,383,15,715,Male,Single,No,Yes,No,0,employed,972,3492,14,30,1
382,No,309,12,776,Male,Single,No,Yes,No,0,employed,989,3667,119,41,1
383,No,1044,14,775,Female,Single,No,Yes,No,0,employed,1701,2946,17,37,2
384,Yes,129,21,709,Male,Married,No,Yes,No,0,employed,1157,2798,36,27,2
385,No,266,22,735,Male,Married,Yes,No,No,0,employed,1185,2862,15,32,2
386,No,764,16,772,Male,Married,No,Yes,No,0,employed,1253,3531,21,35,1
387,No,488,19,826,Male,Married,No,Yes,No,0,employed,1173,3110,18,27,2
388,No,515,22,823,Male,Married,No,Yes,No,0,employed,789,3679,13,35,1
389,No,462,17,837,Male,Married,No,No,Yes,0,employed,1442,3555,32,37,1
390,No,-107,19,750,Male,Married,Yes,No,No,0,employed,1289,3267,1,32,1
391,No,662,12,872,Male,Married,No,Yes,No,0,employed,824,3147,29,33,2
392,No,818,13,777,Male,Married,Yes,No,No,0,employed,1170,3124,97,30,2
393,No,572,27,855,Male,Single,Yes,No,No,0,employed,1800,3349,4,31,2
394,No,192,21,838,Male,Single,No,Yes,No,0,employed,1587,3248,9,34,2
395,Yes,20,25,813,Male,Single,No,Yes,No,0,employed,1787,2582,47,21,2
396,No,635,18,844,Female,Single,No,Yes,No,0,employed,1392,3133,15,35,1
397,No,373,18,853,Male,Single,No,Yes,No,0,employed,1450,3410,40,35,1
398,No,84,18,784,Male,Single,No,Yes,No,0,employed,1263,3090,85,35,2
399,No,530,14,776,Female,Single,No,Yes,No,0,employed,1338,3431,0,30,2
400,Yes,-89,18,553,Female,Single,No,Yes,No,0,unemployed,960,2780,1,27,1
401,Yes,64,21,912,Female,Single,No,No,Yes,0,unemployed,1147,2934,3,24,1
402,Yes,37,20,577,Female,Single,No,Yes,No,0,unemployed,1153,3294,47,28,2
403,No,669,14,853,Female,Single,No,Yes,No,0,unemployed,894,3137,59,33,1
404,No,654,19,821,Female,Single,No,Yes,No,0,unemployed,1068,3320,117,39,2
405,No,327,14,840,Male,Married,No,Yes,No,0,unemployed,1281,3273,44,33,1
406,No,123,18,836,Male,Married,Yes,No,No,0,unemployed,1021,3760,15,33,2
407,No,141,23,874,Male,Married,No,Yes,No,0,unemployed,1139,3607,33,34,1
408,No,356,18,762,Male,Married,No,Yes,No,0,unemployed,942,3201,38,33,2
409,No,453,18,740,Male,Married,No,Yes,No,0,unemployed,814,3244,17,37,1
410,No,405,17,795,Male,Married,Yes,No,No,0,unemployed,1022,3148,41,29,1
411,No,288,17,789,Male,Married,No,Yes,No,0,unemployed,1193,3608,70,35,2
412,No,210,21,844,Male,Married,No,Yes,No,0,unemployed,1650,3363,94,30,2
413,No,375,14,779,Male,Married,No,Yes,No,0,unemployed,1235,3445,111,33,2
414,No,853,10,772,Male,Married,Yes,No,No,0,unemployed,856,3608,115,32,2
415,No,479,15,805,Male,Married,Yes,No,No,0,unemployed,1548,3221,85,30,2
416,No,693,13,745,Male,Single,No,Yes,No,0,unemployed,1771,3365,4,32,2
417,Yes,335,22,599,Male,Single,No,Yes,No,0,unemployed,1000,3267,4,22,1
418,No,203,22,788,Male,Married,No,Yes,No,0,unemployed,1137,3086,115,36,2
419,Yes,-379,21,868,Male,Single,No,Yes,No,0,unemployed,1402,2892,0,29,2
420,Yes,109,24,991,Male,Single,No,Yes,No,0,unemployed,1139,3354,11,31,2
421,Yes,-96,15,797,Female,Single,Yes,No,No,0,unemployed,1487,2534,3,29,2
422,No,576,13,871,Female,Single,No,Yes,No,0,unemployed,1385,3590,2,35,2
423,Yes,478,21,518,Female,Single,No,Yes,No,0,unemployed,1179,3553,35,26,1
424,No,673,17,756,Female,Single,No,Yes,No,0,unemployed,910,3502,119,38,1
425,No,555,16,826,Male,Married,Yes,No,No,0,unemployed,1504,3207,5,31,1
426,No,707,20,734,Male,Married,Yes,No,No,0,unemployed,871,3536,9,34,1
427,No,845,14,727,Male,Married,No,Yes,No,0,unemployed,583,3039,5,30,1
428,No,705,17,785,Male,Married,Yes,No,No,0,unemployed,1013,2707,40,31,2
429,No,58,19,837,Male,Married,No,Yes,No,0,unemployed,1487,2654,52,35,1
430,No,782,14,747,Male,Single,No,Yes,No,0,unemployed,906,2819,6,32,1
431,Yes,248,19,689,Male,Single,No,Yes,No,0,unemployed,1319,3311,10,27,2
432,Yes,-109,12,650,Male,Single,No,Yes,No,0,unemployed,1268,2723,74,27,1
433,No,-174,21,819,Female,Single,No,Yes,No,0,unemployed,1010,3508,9,35,1
434,No,435,20,686,Female,Single,No,Yes,No,0,unemployed,1321,2639,1,34,1
435,Yes,405,21,789,Female,Single,Yes,No,No,0,unemployed,1767,2769,39,30,1
436,No,357,18,824,Female,Single,Yes,No,No,0,unemployed,1258,3650,48,39,1
437,Yes,184,18,851,Female,Single,Yes,No,No,0,unemployed,1399,2843,32,33,1
438,Yes,16,20,596,Female,Single,Yes,No,No,0,unemployed,827,2799,13,26,1
439,Yes,231,18,747,Female,Single,Yes,No,No,0,unemployed,1769,2689,13,26,1
440,No,390,16,771,Female,Single,No,Yes,No,0,unemployed,1095,3285,64,29,2
441,Yes,87,20,534,Female,Single,No,Yes,No,0,unemployed,1579,3064,116,24,2
442,Yes,144,18,873,Male,Married,No,Yes,No,0,unemployed,1247,2732,67,23,2
443,Yes,403,24,743,Male,Married,No,Yes,No,0,unemployed,2066,2871,75,30,1
444,Yes,290,21,600,Male,Married,Yes,No,No,0,unemployed,1146,3177,59,29,1
445,No,290,17,726,Male,Married,Yes,No,No,0,unemployed,1314,3220,53,28,1
446,No,434,16,808,Male,Married,Yes,No,No,0,unemployed,1527,2985,102,37,1
447,No,303,20,737,Male,Single,No,Yes,No,0,unemployed,1599,2864,46,33,2
448,Yes,230,20,750,Male,Single,No,Yes,No,0,unemployed,1507,2866,11,31,1
449,Yes,-34,18,739,Female,Single,No,Yes,No,0,unemployed,1355,2357,0,32,2
450,No,786,17,797,Female,Single,No,No,No,1,unemployed,1541,2964,75,30,1
451,Yes,1,22,773,Male,Married,No,No,No,1,unemployed,1308,2981,38,25,2
452,No,-162,19,757,Male,Married,No,Yes,No,0,unemployed,1487,3341,79,32,1
453,No,448,15,793,Male,Married,Yes,No,No,0,unemployed,1281,3686,52,34,1
454,No,631,15,805,Male,Married,No,Yes,No,0,unemployed,1517,3480,89,34,1
455,No,743,15,763,Male,Married,No,Yes,No,0,unemployed,1686,3025,103,33,1
456,No,946,18,741,Male,Single,No,Yes,No,0,unemployed,747,2961,61,29,1
457,No,-51,18,799,Female,Single,No,Yes,No,0,unemployed,882,2873,17,30,1
458,Yes,312,23,851,Male,Married,Yes,No,No,0,unemployed,953,2658,76,29,2
459,Yes,292,15,734,Female,Single,No,Yes,No,0,unemployed,1232,3336,6,26,1
460,No,536,22,805,Female,Single,No,Yes,No,0,unemployed,1053,3510,10,32,1
461,No,278,19,872,Female,Single,No,Yes,No,0,unemployed,1415,3070,1,36,1
462,Yes,115,20,838,Female,Single,No,No,No,1,employed,1387,2593,5,23,2
463,Yes,-130,20,610,Female,Single,No,No,No,1,employed,1335,3008,6,34,1
464,No,326,17,799,Female,Single,No,Yes,No,0,employed,1214,3707,100,30,2
465,No,255,16,777,Male,Married,Yes,No,No,0,employed,1111,2517,4,30,1
466,No,98,23,771,Male,Married,No,Yes,No,0,employed,969,3432,25,35,2
467,No,711,13,801,Male,Married,No,Yes,No,0,unemployed,1184,3160,39,33,1
468,No,204,13,869,Male,Married,No,Yes,No,0,unemployed,1567,2670,80,35,1
469,No,343,16,812,Male,Married,No,Yes,No,0,unemployed,1402,3201,107,29,2
470,No,385,19,766,Male,Married,No,Yes,No,0,unemployed,1424,3128,97,35,1
471,No,492,17,771,Male,Married,Yes,No,No,0,unemployed,1122,3492,98,32,2
472,No,389,18,819,Male,Married,No,Yes,No,0,unemployed,1063,3428,96,31,2
473,Yes,314,19,782,Male,Married,No,Yes,No,0,unemployed,1687,2476,101,29,1
474,No,746,18,682,Male,Married,No,Yes,No,0,unemployed,1112,3672,120,31,2
475,No,712,21,770,Male,Married,No,Yes,No,0,unemployed,1939,4108,101,29,1
476,No,496,17,748,Female,Single,Yes,No,No,0,unemployed,1184,3118,39,35,2
477,No,951,18,791,Male,Single,No,Yes,No,0,unemployed,582,3171,42,32,1
478,No,859,17,732,Male,Single,No,Yes,No,0,unemployed,1769,3439,42,42,1
479,No,86,9,815,Female,Single,No,Yes,No,0,unemployed,839,3574,6,32,2
480,Yes,237,15,720,Female,Single,No,Yes,No,0,unemployed,1547,2792,33,26,2
481,No,553,14,790,Female,Single,No,Yes,No,0,unemployed,1380,2910,45,36,2
482,No,777,16,790,Female,Single,No,Yes,No,0,unemployed,815,2864,40,31,1
483,No,180,20,797,Female,Single,No,Yes,No,0,unemployed,1255,3209,13,32,2
484,No,477,15,855,Female,Single,No,Yes,No,0,unemployed,1069,3170,56,29,2
485,Yes,16,19,713,Male,Married,No,Yes,No,0,unemployed,1329,2717,2,30,2
486,No,499,18,827,Male,Married,Yes,No,No,0,unemployed,900,3606,3,33,2
487,No,848,16,831,Male,Married,No,Yes,No,0,unemployed,1106,3417,5,33,2
488,No,241,17,689,Male,Married,No,Yes,No,0,unemployed,926,3235,32,33,2
489,No,879,18,630,Male,Married,No,Yes,No,0,unemployed,889,3198,19,36,2
490,Yes,-144,18,528,Male,Married,Yes,No,No,0,unemployed,1490,2690,69,24,2
491,No,129,16,834,Male,Married,No,Yes,No,0,unemployed,1175,3764,75,32,2
492,No,626,17,819,Male,Single,No,Yes,No,0,unemployed,698,3042,24,34,2
493,No,28,23,734,Male,Single,Yes,No,No,0,unemployed,978,2896,12,27,2
494,Yes,204,22,742,Female,Single,No,Yes,No,0,unemployed,1349,2739,0,27,1
495,Yes,153,17,708,Female,Single,No,Yes,No,0,unemployed,1039,2616,6,29,1
496,Yes,7,27,769,Female,Single,No,Yes,No,0,unemployed,1549,2608,7,29,1
497,No,653,18,743,Female,Single,No,Yes,No,0,unemployed,653,3145,9,32,1
498,No,416,24,758,Female,Single,No,Yes,No,0,unemployed,955,3101,10,33,2
499,Yes,192,15,757,Female,Single,No,Yes,No,0,unemployed,1419,2553,48,27,2
500,Yes,142,17,526,Female,Single,No,Yes,No,0,unemployed,805,3373,28,31,1
501,No,217,21,670,Female,Single,No,Yes,No,0,unemployed,1127,3183,14,37,1
502,No,231,14,799,Female,Single,No,Yes,No,0,unemployed,998,3062,23,35,2
503,No,133,23,780,Female,Single,Yes,No,No,0,unemployed,865,3299,77,30,1
504,No,890,14,761,Female,Single,No,No,No,1,unemployed,1047,3267,63,33,1
505,Yes,183,26,559,Female,Single,Yes,No,No,0,unemployed,1176,2851,105,23,1
506,No,457,12,844,Male,Married,No,Yes,No,0,unemployed,739,2918,9,33,2
507,No,322,19,772,Male,Married,No,Yes,No,0,unemployed,1281,3605,1,30,2
508,No,588,14,728,Male,Married,Yes,No,No,0,unemployed,1062,3597,23,32,2
509,No,297,21,797,Male,Married,No,Yes,No,0,unemployed,520,4044,43,33,1
510,Yes,386,16,842,Male,Married,Yes,No,No,0,unemployed,395,3094,39,30,1
511,Yes,61,24,664,Male,Married,Yes,No,No,0,unemployed,1379,2615,24,27,1
512,No,629,21,851,Male,Married,No,Yes,No,0,unemployed,1414,3277,34,32,1
513,No,121,15,815,Male,Married,No,Yes,No,0,unemployed,1599,2970,39,34,1
514,Yes,-249,15,540,Male,Married,No,No,Yes,0,unemployed,1651,3230,13,25,1
515,Yes,-186,17,706,Male,Married,No,No,No,1,unemployed,1369,3277,14,28,2
516,Yes,107,21,635,Male,Married,No,No,No,1,unemployed,1485,3322,30,20,2
517,No,592,20,815,Male,Married,Yes,No,No,0,unemployed,1268,3219,18,32,2
518,No,375,18,760,Male,Married,No,Yes,No,0,unemployed,1103,3199,15,31,2
519,No,576,13,773,Male,Married,No,Yes,No,0,unemployed,1080,3058,46,34,2
520,No,-227,15,758,Male,Married,Yes,No,No,0,unemployed,978,3658,32,31,2
521,No,174,15,834,Male,Married,Yes,No,No,0,unemployed,1273,3376,74,37,1
522,No,415,19,860,Male,Married,Yes,No,No,0,unemployed,817,3204,68,33,2
523,No,363,17,783,Male,Married,No,Yes,No,0,unemployed,1137,3801,78,36,2
524,Yes,-125,15,817,Male,Married,No,Yes,No,0,unemployed,1437,3228,61,24,1
525,No,365,18,813,Male,Married,No,Yes,No,0,unemployed,825,3334,73,33,1
526,No,476,13,702,Male,Married,No,Yes,No,0,unemployed,1884,3374,66,33,2
527,No,406,16,821,Male,Married,No,Yes,No,0,unemployed,828,3164,50,32,1
528,No,923,20,803,Male,Married,No,Yes,No,0,unemployed,1241,3066,117,33,1
529,No,971,19,815,Male,Married,No,Yes,No,0,unemployed,1071,3571,117,30,1
530,No,214,11,735,Male,Married,No,Yes,No,0,unemployed,1188,3695,93,37,1
531,No,328,18,777,Male,Married,No,Yes,No,0,unemployed,1278,3578,90,29,2
532,No,776,20,883,Male,Married,No,Yes,No,0,unemployed,1560,3441,120,34,2
533,Yes,178,18,469,Male,Single,No,Yes,No,0,unemployed,1587,2662,33,29,2
534,Yes,-44,24,614,Male,Single,No,No,No,1,unemployed,1411,3293,48,25,2
535,Yes,362,18,645,Male,Single,No,Yes,No,0,unemployed,871,2594,43,27,1
536,No,446,16,841,Male,Single,Yes,No,No,0,unemployed,870,3143,42,32,2
537,Yes,96,21,740,Male,Single,Yes,No,No,0,unemployed,1246,2498,25,26,1
538,No,986,25,736,Male,Single,No,No,No,1,unemployed,1140,3257,32,25,1
539,No,627,16,771,Male,Married,No,Yes,No,0,unemployed,1202,3564,56,38,2
540,Yes,427,25,737,Male,Single,Yes,No,No,0,unemployed,1601,2804,78,29,1
541,Yes,-102,20,786,Male,Single,No,Yes,No,0,unemployed,1382,3583,82,23,2
542,No,771,18,743,Female,Single,No,Yes,No,0,unemployed,1384,3074,10,30,1
543,No,708,17,850,Female,Single,No,No,No,1,unemployed,1575,2887,26,32,2
544,Yes,39,23,579,Male,Married,No,Yes,No,0,unemployed,1813,2471,10,31,2
545,Yes,230,20,644,Male,Married,No,Yes,No,0,unemployed,1436,3349,34,29,2
546,No,503,17,747,Male,Married,Yes,No,No,0,unemployed,659,3551,48,30,1
547,No,245,20,768,Male,Married,Yes,No,No,0,unemployed,1719,3388,67,33,2
548,No,664,14,733,Male,Married,No,Yes,No,0,unemployed,1110,3075,54,35,2
549,No,477,13,821,Male,Married,No,Yes,No,0,unemployed,900,3005,63,33,2
550,No,703,18,772,Male,Married,Yes,No,No,0,unemployed,1332,3620,96,32,2
551,Yes,343,21,732,Male,Married,No,Yes,No,0,unemployed,1435,2563,27,28,1
552,No,548,15,792,Female,Single,No,No,Yes,0,unemployed,823,3224,0,35,2
553,Yes,312,20,670,Female,Single,Yes,No,No,0,employed,780,3173,11,26,2
554,No,577,16,741,Female,Single,No,Yes,No,0,employed,1667,3337,3,32,2
555,No,747,15,830,Female,Single,Yes,No,No,0,employed,740,2938,4,30,1
556,No,568,21,771,Female,Single,Yes,No,No,0,employed,1318,3327,17,30,2
557,No,331,17,738,Female,Single,Yes,No,No,0,employed,1207,3297,31,29,2
558,No,301,21,763,Female,Single,No,Yes,No,0,employed,1144,3995,32,36,2
559,No,827,11,813,Female,Single,No,Yes,No,0,employed,1142,3734,40,32,2
560,No,572,14,810,Female,Single,No,Yes,No,0,employed,244,2929,51,30,1
561,No,-272,14,788,Female,Single,Yes,No,No,0,unemployed,1215,3447,58,33,2
562,No,606,16,719,Female,Single,No,Yes,No,0,unemployed,1323,3521,103,33,2
563,No,496,22,759,Female,Single,No,Yes,No,0,unemployed,1047,3014,104,28,2
564,No,1036,18,836,Female,Single,Yes,No,No,0,unemployed,1113,3374,118,27,1
565,No,461,17,760,Female,Single,No,Yes,No,0,unemployed,1032,3053,93,36,2
566,No,503,17,832,Female,Single,No,Yes,No,0,unemployed,986,3065,96,33,1
567,No,939,18,718,Male,Married,Yes,No,No,0,unemployed,316,3036,0,38,1
568,No,487,19,727,Male,Married,No,Yes,No,0,unemployed,584,2777,18,35,1
569,Yes,166,22,565,Male,Married,Yes,No,No,0,unemployed,1024,2373,43,18,1
570,No,-56,17,693,Male,Married,No,No,Yes,0,unemployed,1677,3319,21,30,2
571,No,589,20,772,Male,Married,Yes,No,No,0,unemployed,1354,3360,30,35,2
572,No,660,16,771,Male,Married,No,No,Yes,0,unemployed,1549,3195,34,28,1
573,Yes,-81,17,604,Male,Married,Yes,No,No,0,unemployed,1374,3241,66,29,2
574,No,469,15,734,Male,Married,No,No,Yes,0,unemployed,1187,3211,66,36,1
575,No,433,19,695,Male,Married,No,No,Yes,0,unemployed,1245,3245,77,33,2
576,No,286,20,834,Male,Married,No,Yes,No,0,unemployed,1015,3147,50,35,2
577,Yes,50,25,586,Male,Married,Yes,No,No,0,unemployed,1232,3683,107,24,2
578,No,827,19,766,Male,Married,No,Yes,No,0,unemployed,1079,3574,119,29,2
579,No,102,16,774,Male,Married,No,Yes,No,0,unemployed,405,2561,100,31,2
580,No,131,18,741,Male,Married,No,Yes,No,0,unemployed,1525,2767,103,30,2
581,No,652,13,777,Male,Married,No,Yes,No,0,unemployed,1261,2659,86,30,2
582,No,558,19,786,Male,Married,No,Yes,No,0,unemployed,609,3217,85,41,2
583,No,589,9,735,Male,Married,No,Yes,No,0,unemployed,968,2949,94,32,2
584,Yes,447,17,730,Male,Single,Yes,No,No,0,unemployed,1819,3338,22,24,2
585,No,373,17,796,Male,Married,No,Yes,No,0,unemployed,934,3183,86,35,1
586,No,-53,12,841,Male,Married,No,Yes,No,0,unemployed,1085,3407,69,31,1
587,No,-383,20,717,Male,Married,No,Yes,No,0,unemployed,1728,3757,103,34,2
588,No,361,17,803,Female,Single,No,No,No,1,unemployed,1722,3401,3,36,2
589,No,594,17,752,Male,Married,Yes,No,No,0,unemployed,1167,3674,45,37,2
590,Yes,48,14,684,Female,Single,Yes,No,No,0,unemployed,1572,3183,45,27,1
591,Yes,-76,19,605,Male,Married,No,No,No,1,unemployed,1755,2698,20,23,1
592,Yes,34,20,677,Male,Married,Yes,No,No,0,unemployed,1102,3393,52,30,2
593,Yes,245,17,692,Male,Single,No,Yes,No,0,unemployed,1160,2792,36,23,1
594,No,220,19,786,Male,Married,No,Yes,No,0,unemployed,1286,3836,2,38,2
595,No,824,18,743,Female,Single,No,Yes,No,0,unemployed,1279,3063,102,33,1
596,No,824,18,,Female,Single,,Yes,,0,unemployed,1279,3064,,33,
597,No,826,23,775,Male,Married,No,Yes,No,0,unemployed,1572,3024,30,32,2
598,No,730,13,714,Male,Married,No,No,Yes,0,unemployed,1396,3195,22,31,2
599,Yes,-75,26,639,Male,Married,Yes,No,No,0,unemployed,1073,3063,26,23,1
600,No,577,17,814,Male,Married,No,No,No,1,unemployed,1209,3224,27,38,1
601,No,566,18,732,Male,Married,Yes,No,No,0,unemployed,1233,2950,93,36,1
602,No,-117,12,761,Male,Single,Yes,No,No,0,unemployed,1535,3209,16,31,2
603,No,300,20,798,Male,Single,No,Yes,No,0,unemployed,1144,3336,119,31,1
604,Yes,316,14,643,Female,Single,No,No,No,1,unemployed,1181,2756,86,30,2
605,No,809,17,833,Female,Single,Yes,No,No,0,unemployed,1062,3730,100,34,1
606,No,830,26,767,Male,Married,Yes,No,No,0,unemployed,1411,3433,0,29,2
607,Yes,76,25,694,Male,Married,No,Yes,No,0,unemployed,1068,3072,30,21,1
608,Yes,-107,22,709,Male,Married,No,No,No,1,unemployed,727,2807,44,27,1
609,Yes,433,18,680,Male,Married,No,No,No,1,unemployed,1415,3030,21,22,1
610,Yes,361,15,590,Male,Married,Yes,No,No,0,unemployed,1968,3160,39,33,2
611,No,558,20,658,Male,Married,No,Yes,No,0,unemployed,978,3869,21,39,1
612,No,631,17,811,Male,Married,No,No,No,1,unemployed,1241,3493,30,27,2
613,Yes,-28,21,775,Male,Married,Yes,No,No,0,unemployed,768,3006,90,29,1
614,No,270,15,895,Male,Married,Yes,No,No,0,unemployed,1363,2908,100,34,1
615,Yes,29,24,743,Male,Married,No,No,No,1,unemployed,1100,2882,86,29,2
616,No,317,19,837,Male,Married,No,Yes,No,0,unemployed,1111,3252,116,37,1
617,No,506,10,766,Male,Married,No,No,No,1,unemployed,1605,3304,100,29,1
618,Yes,228,18,764,Male,Married,Yes,No,No,0,unemployed,1241,3058,98,29,1
619,No,715,21,794,Male,Married,Yes,No,No,0,unemployed,1205,3700,120,32,2
620,No,52,16,820,Male,Married,No,Yes,No,0,unemployed,1713,3326,88,30,2
621,Yes,288,17,701,Female,Single,Yes,No,No,0,unemployed,1147,3459,22,25,1
622,No,155,21,768,Female,Single,Yes,No,No,0,unemployed,717,3601,87,35,2
623,Yes,163,24,845,Male,Single,Yes,No,No,0,unemployed,1389,2991,95,29,3
624,No,373,18,758,Male,Single,No,Yes,No,0,unemployed,989,3356,86,33,3
625,No,972,15,819,Female,Single,No,Yes,No,0,unemployed,1403,3625,11,34,3
626,No,953,18,709,Female,Single,No,Yes,No,0,unemployed,1097,2802,29,31,3
627,No,-222,14,750,Female,Single,No,Yes,No,0,unemployed,1103,3599,4,33,3
628,Yes,200,17,717,Female,Single,Yes,No,No,0,unemployed,1214,3144,48,27,3
629,No,306,14,755,Male,Single,No,Yes,No,0,unemployed,608,3215,40,31,4
630,No,722,10,763,Female,Single,No,Yes,No,0,unemployed,1382,3384,75,34,3
631,Yes,12,18,659,Male,Married,No,Yes,No,0,unemployed,1710,3360,22,27,5
632,Yes,-94,18,613,Male,Single,Yes,No,No,0,unemployed,1303,3347,19,29,3
633,Yes,568,23,751,Female,Single,No,Yes,No,0,unemployed,1308,2858,3,24,3
634,No,1275,15,771,Female,Single,No,Yes,No,0,unemployed,1299,2949,14,39,3
635,Yes,102,18,727,Female,Single,No,Yes,No,0,unemployed,1041,2191,2,27,3
636,No,470,16,759,Female,Single,No,Yes,No,0,unemployed,1589,3085,107,34,4
637,Yes,209,20,638,Male,Married,Yes,No,No,0,unemployed,1543,2979,100,26,4
638,No,1217,16,799,Female,Single,No,No,No,1,unemployed,1536,3369,43,39,3
639,No,449,15,758,Female,Single,No,Yes,No,0,unemployed,1359,3461,60,36,3
640,Yes,231,21,669,Female,Single,No,Yes,No,0,unemployed,1336,3161,2,29,4
641,Yes,236,20,566,Female,Single,No,Yes,No,0,unemployed,1020,2853,36,28,5
642,Yes,98,21,695,Female,Single,Yes,No,No,0,unemployed,1390,2758,28,26,3
643,No,425,16,789,Female,Single,Yes,No,No,0,unemployed,863,3197,47,35,4
644,Yes,11,17,832,Female,Single,Yes,No,No,0,unemployed,1516,2819,66,27,3
645,Yes,154,17,737,Male,Married,No,No,No,0,unemployed,1300,2709,1,30,3
646,Yes,218,23,697,Male,Married,Yes,No,No,0,unemployed,1406,3282,30,28,5
647,Yes,210,21,561,Male,Married,No,No,No,0,unemployed,830,3237,108,24,4
648,No,597,18,813,Male,Single,Yes,No,No,0,unemployed,1235,3293,62,31,4
649,No,415,11,751,Male,Married,Yes,No,No,0,unemployed,1312,3265,115,32,5
650,No,775,16,845,Male,Married,No,Yes,No,0,unemployed,1186,3640,99,32,4
651,No,244,15,771,Male,Married,Yes,No,No,0,unemployed,832,3531,42,34,3
652,No,523,17,809,Male,Married,No,No,No,0,unemployed,1085,3256,49,30,5
653,Yes,618,19,836,Male,Single,No,Yes,No,0,unemployed,975,2757,61,28,4
654,No,682,22,763,Male,Single,No,No,Yes,0,unemployed,1064,3334,30,34,3
655,Yes,328,20,609,Female,Single,Yes,No,No,0,unemployed,1070,2782,32,27,5
656,Yes,329,19,723,Female,Single,No,Yes,No,0,unemployed,1098,2444,26,28,5
657,No,177,14,793,Female,Single,No,No,Yes,0,unemployed,1725,3410,38,31,5
658,Yes,231,20,661,Female,Single,No,No,No,1,unemployed,1447,3106,43,26,4
659,No,664,16,766,Female,Single,No,Yes,No,0,unemployed,1748,3253,114,29,5
660,No,862,15,811,Male,Married,No,Yes,No,0,unemployed,1220,3020,45,34,4
661,No,948,16,799,Male,Married,Yes,No,No,0,unemployed,898,3091,22,32,3
662,No,-128,16,728,Male,Married,No,Yes,No,0,unemployed,1087,3092,107,34,5
663,No,441,17,749,Male,Single,Yes,No,No,0,unemployed,1579,2951,40,35,3
664,Yes,77,22,664,Female,Single,Yes,No,No,0,unemployed,1565,2703,27,28,5
665,No,750,15,761,Male,Single,No,Yes,No,0,unemployed,977,3033,21,37,5
666,Yes,250,23,648,Male,Married,No,No,No,1,unemployed,1473,2427,73,25,4
667,No,485,17,750,Female,Single,Yes,No,No,0,unemployed,754,3857,23,35,5
668,No,297,19,860,Male,Married,No,Yes,No,0,unemployed,1277,3500,42,34,5
669,Yes,-85,21,569,Male,Married,No,No,Yes,0,unemployed,1328,3338,58,27,5
670,No,440,19,798,Male,Single,No,Yes,No,0,unemployed,1182,2517,0,40,3
671,No,-136,19,736,Male,Single,No,Yes,No,0,unemployed,1227,2951,23,31,5
672,No,599,19,749,Male,Single,No,Yes,No,0,unemployed,809,3391,108,32,3
673,No,421,12,844,Male,Married,No,Yes,No,0,unemployed,1231,3364,77,31,5
674,Yes,8,17,892,Male,Married,Yes,No,No,0,unemployed,1603,3026,107,29,4
675,No,108,18,764,Male,Single,Yes,No,No,0,unemployed,832,3482,1,29,4
676,No,810,19,834,Male,Single,No,Yes,No,0,unemployed,1149,3915,21,32,5
677,Yes,-140,20,691,Male,Single,No,No,No,1,unemployed,1295,3042,102,31,3
678,No,625,19,858,Female,Single,No,Yes,No,0,unemployed,1567,3584,28,32,3
679,No,-7,18,726,Female,Single,No,No,Yes,0,unemployed,1228,3282,70,34,4
680,No,703,17,769,Female,Single,Yes,No,No,0,unemployed,1551,3423,112,33,5
681,No,595,16,773,Male,Married,No,Yes,No,0,unemployed,1215,3020,43,35,5
682,Yes,206,18,719,Male,Married,No,Yes,No,0,unemployed,1379,3287,82,31,3
683,No,371,16,755,Male,Married,Yes,No,No,0,unemployed,886,3040,113,30,5
684,No,1112,13,804,Male,Married,Yes,No,No,0,unemployed,1637,3116,93,34,3
685,No,353,16,769,Male,Married,No,Yes,No,0,unemployed,1429,3273,120,28,5
686,No,582,18,742,Male,Married,No,No,Yes,0,unemployed,1081,3063,116,36,5
687,No,180,13,731,Male,Single,No,No,Yes,0,unemployed,674,3501,22,38,4
688,No,392,14,813,Female,Single,No,Yes,No,0,unemployed,1368,3115,29,37,4
689,No,270,14,855,Male,Married,No,Yes,No,0,unemployed,1686,3403,3,30,4
690,No,460,19,772,Male,Married,No,Yes,No,0,unemployed,1051,3028,118,31,5
691,No,546,20,730,Male,Single,No,No,Yes,0,unemployed,1338,3382,5,36,3
692,No,36,21,740,Female,Single,Yes,No,No,0,unemployed,1340,3370,5,29,4
693,No,200,23,882,Female,Single,No,Yes,No,0,unemployed,652,3229,12,35,5
694,No,108,14,824,Female,Single,No,Yes,No,0,unemployed,1504,3299,27,39,4
695,Yes,196,23,735,Male,Married,No,No,No,1,unemployed,1385,2595,7,22,3
696,No,814,16,696,Female,Single,No,Yes,No,0,unemployed,1146,3318,22,28,4
697,No,359,19,745,Female,Single,No,Yes,No,0,unemployed,1166,2987,62,36,3
698,No,713,17,784,Male,Married,Yes,No,No,0,unemployed,1442,3145,42,30,4
699,Yes,8,17,904,Male,Married,Yes,No,No,0,unemployed,1290,3027,37,29,3
700,No,31,19,780,Male,Married,No,Yes,No,0,unemployed,742,3476,20,33,3
701,Yes,447,19,741,Male,Married,Yes,No,No,0,unemployed,1190,2799,70,32,5
702,No,218,13,871,Male,Married,No,Yes,No,0,unemployed,656,3030,52,37,4
703,No,775,17,693,Male,Married,No,Yes,No,0,unemployed,1379,3302,116,32,4
704,No,724,19,834,Male,Married,No,Yes,No,0,unemployed,787,2810,117,28,4
705,No,863,17,855,Male,Married,No,Yes,No,0,unemployed,909,3126,98,32,4
706,No,589,18,747,Male,Single,No,Yes,No,0,unemployed,1335,3055,39,39,3
707,No,594,19,820,Male,Single,No,Yes,No,0,unemployed,741,3060,15,32,4
708,No,639,19,844,Male,Married,No,Yes,No,0,unemployed,1396,3266,35,34,4
709,No,522,15,745,Male,Single,No,Yes,No,0,unemployed,780,3313,32,31,3
710,No,346,15,780,Female,Single,Yes,No,No,0,unemployed,891,3272,73,32,3
711,No,454,20,760,Male,Married,No,Yes,No,0,unemployed,1148,4021,21,33,5
712,No,245,17,826,Male,Married,No,Yes,No,0,unemployed,385,3028,24,32,5
713,No,165,19,676,Male,Married,No,Yes,No,0,unemployed,1316,3459,60,32,5
714,No,-139,16,787,Male,Married,No,Yes,No,0,unemployed,1153,3238,83,38,3
715,No,480,21,714,Male,Married,No,Yes,No,0,unemployed,952,3553,60,31,5
716,No,670,12,820,Male,Married,No,Yes,No,0,unemployed,764,2541,62,33,5
717,Yes,36,23,826,Male,Married,Yes,No,No,0,unemployed,1085,3149,120,28,5
718,Yes,234,20,532,Male,Married,No,Yes,No,0,unemployed,1395,2783,120,28,5
719,Yes,352,18,784,Male,Single,No,No,Yes,0,unemployed,1422,2082,18,30,3
720,No,209,16,793,Male,Single,Yes,No,No,0,unemployed,894,3783,77,33,4
721,No,59,16,805,Male,Married,Yes,No,No,0,unemployed,1325,3550,55,36,4
722,No,283,12,771,Male,Single,Yes,No,No,0,unemployed,1118,3478,19,38,4
723,Yes,132,21,708,Female,Single,Yes,No,No,0,unemployed,930,2757,42,25,3
724,No,422,12,735,Female,Single,No,Yes,No,0,unemployed,1499,3470,94,35,5
725,Yes,369,25,575,Male,Married,No,No,No,1,unemployed,1505,2780,0,28,5
726,No,693,19,837,Male,Married,Yes,No,No,0,unemployed,667,3201,57,38,3
727,No,368,17,873,Male,Married,Yes,No,No,0,unemployed,1463,3306,97,32,3
728,No,755,21,809,Male,Married,No,Yes,No,0,unemployed,1282,3242,96,32,5
729,No,265,19,794,Male,Married,No,Yes,No,0,unemployed,1572,2913,110,37,4
730,No,408,16,816,Male,Married,No,Yes,No,0,unemployed,1202,3470,109,34,3
731,No,465,19,861,Male,Married,No,No,No,1,unemployed,1160,3612,114,34,4
732,Yes,-119,17,756,Male,Single,No,No,No,1,unemployed,707,2769,11,29,3
733,No,423,13,622,Female,Single,Yes,No,No,0,unemployed,1287,3459,8,33,5
735,Yes,273,19,606,Female,Single,No,Yes,No,0,unemployed,1410,2800,11,24,4
736,No,27,15,719,Female,Single,No,Yes,No,0,unemployed,1752,3237,23,35,3
737,No,830,23,835,Female,Single,No,Yes,No,0,unemployed,1328,2971,40,35,3
738,No,555,22,774,Female,Single,No,No,Yes,0,unemployed,1696,3079,33,27,4
739,No,968,17,814,Male,Married,Yes,No,No,0,unemployed,1413,2805,55,33,5
740,No,428,18,841,Male,Married,No,No,Yes,0,unemployed,1016,3246,78,37,4
741,Yes,271,16,662,Male,Married,No,No,No,1,unemployed,1856,3416,54,25,3
742,No,981,20,778,Male,Single,No,Yes,No,0,unemployed,1207,3203,47,33,3
743,No,-165,18,769,Female,Single,Yes,No,No,0,unemployed,863,3126,26,39,5
744,No,59,19,825,Female,Single,No,Yes,No,0,unemployed,1533,3027,21,32,3
745,No,332,21,764,Female,Single,No,Yes,No,0,unemployed,783,3441,28,33,3
746,No,-8,18,817,Female,Single,No,No,Yes,0,unemployed,1518,3241,47,36,5
747,No,599,19,861,Female,Single,No,No,No,1,unemployed,905,2839,27,30,4
748,No,379,23,756,Female,Single,No,Yes,No,0,unemployed,1132,3012,59,35,5
749,No,66,16,778,Female,Single,No,No,Yes,0,unemployed,1246,2824,54,29,3
750,Yes,-29,16,881,Male,Married,Yes,No,No,0,unemployed,1083,2659,5,27,5
751,Yes,307,17,722,Male,Married,No,No,No,1,unemployed,1429,2855,10,25,4
752,No,765,16,783,Male,Married,No,Yes,No,0,unemployed,898,3199,11,34,4
753,No,314,20,720,Male,Married,No,Yes,No,0,unemployed,1719,2963,31,32,4
754,No,1296,21,726,Male,Married,No,No,Yes,0,unemployed,857,3298,32,33,4
755,No,928,18,748,Male,Married,No,No,No,1,unemployed,1726,3212,14,31,5
756,No,364,14,766,Male,Married,Yes,No,No,0,unemployed,1040,3532,28,34,3
757,No,927,17,822,Male,Married,Yes,No,No,0,unemployed,1095,3477,34,33,3
758,No,457,15,784,Male,Married,No,Yes,No,0,unemployed,1174,2792,18,32,4
759,No,684,23,745,Male,Married,No,No,Yes,0,unemployed,1253,3135,52,31,4
760,No,445,16,761,Male,Married,No,Yes,No,0,unemployed,1261,2790,57,37,3
761,No,473,16,799,Male,Married,No,Yes,No,0,unemployed,1267,2998,86,32,5
762,Yes,338,16,618,Male,Married,No,Yes,No,0,unemployed,1372,3009,98,23,4
763,No,775,11,770,Male,Married,No,No,No,1,unemployed,1254,4022,111,36,4
764,No,359,14,805,Male,Married,No,Yes,No,0,unemployed,1233,3651,107,28,4
765,No,750,22,774,Male,Single,No,Yes,No,0,unemployed,810,3108,49,32,4
766,Yes,58,23,757,Female,Single,Yes,No,No,0,unemployed,1434,2811,8,29,3
767,No,282,15,782,Female,Single,Yes,No,No,0,unemployed,1337,3408,82,28,5
768,No,235,16,744,Male,Married,Yes,No,No,0,unemployed,1336,3509,3,32,5
769,No,462,19,858,Male,Married,No,Yes,No,0,unemployed,1349,2796,28,38,5
770,No,332,19,833,Male,Married,Yes,No,No,0,unemployed,1144,3504,74,32,4
771,No,605,15,817,Male,Married,Yes,No,No,0,unemployed,1162,3025,70,36,4
772,No,510,20,796,Male,Single,Yes,No,No,0,unemployed,1411,3654,108,32,3
773,No,88,19,783,Female,Single,No,Yes,No,0,employed,1234,2824,78,28,4
774,Yes,134,16,766,Male,Single,Yes,No,No,0,employed,1079,2355,6,24,5
775,No,712,20,775,Female,Single,No,Yes,No,0,employed,1445,3183,42,34,5
776,Yes,-18,18,787,Female,Single,No,Yes,No,0,employed,1465,3706,23,27,5
777,No,380,18,800,Female,Single,Yes,No,No,0,employed,1297,3543,14,32,4
778,No,125,18,770,Female,Single,No,Yes,No,0,employed,1418,3333,52,38,3
779,Yes,172,20,684,Male,Married,Yes,No,No,0,employed,1128,3234,45,24,5
780,No,769,16,775,Male,Married,Yes,No,No,0,employed,1207,3670,17,30,5
781,No,584,11,815,Male,Married,Yes,No,No,0,employed,1125,3239,74,34,5
782,Yes,-76,22,656,Male,Married,Yes,No,No,0,employed,777,2787,74,27,4
783,No,738,18,717,Male,Married,No,Yes,No,0,employed,1422,2829,65,29,3
784,No,85,15,818,Male,Married,No,No,Yes,0,unemployed,1493,3394,81,32,5
785,No,616,14,813,Male,Married,No,Yes,No,0,unemployed,1459,3516,105,33,5
786,No,924,10,688,Male,Married,No,Yes,No,0,unemployed,964,3044,100,31,4
787,Yes,28,19,674,Male,Married,No,Yes,No,0,unemployed,1009,3407,96,28,5
788,No,874,22,844,Male,Married,No,Yes,No,0,unemployed,715,3111,88,37,3
789,No,796,17,770,Male,Married,No,Yes,No,0,unemployed,1355,3012,85,32,4
790,No,776,18,895,Male,Married,Yes,No,No,0,unemployed,1657,3558,100,29,5
791,No,-14,18,759,Male,Married,No,Yes,No,0,unemployed,966,2974,92,40,4
792,No,422,19,746,Male,Single,Yes,No,No,0,unemployed,1307,3273,108,32,5
793,No,445,10,756,Male,Single,Yes,No,No,0,unemployed,1531,2889,110,32,4
794,No,639,17,793,Female,Single,No,Yes,No,0,unemployed,1202,3557,28,34,4
795,No,459,17,726,Male,Married,No,Yes,No,0,unemployed,1195,3515,105,31,5
796,Yes,345,18,833,Male,Married,No,Yes,No,0,unemployed,1342,3090,83,31,4
797,No,267,15,637,Female,Single,Yes,No,No,0,unemployed,942,2948,95,39,4
798,Yes,313,17,827,Male,Married,No,No,No,1,unemployed,923,2616,99,25,4
799,No,-93,19,766,Male,Married,Yes,No,No,0,unemployed,866,3098,67,34,3
800,No,528,19,883,Female,Single,No,No,No,1,unemployed,1538,3498,5,31,5
801,No,30,22,723,Male,Married,No,Yes,No,0,unemployed,1491,3047,34,35,3
802,Yes,265,18,756,Male,Married,No,Yes,No,0,unemployed,1286,2694,48,24,5
803,No,732,20,838,Male,Married,No,Yes,No,0,unemployed,1657,3144,41,33,4
804,Yes,-60,22,451,Male,Married,No,Yes,No,0,unemployed,1900,3115,21,29,3
805,Yes,249,14,760,Male,Married,Yes,No,No,0,unemployed,1374,3096,113,25,3
806,No,-129,18,760,Male,Married,Yes,No,No,0,unemployed,809,3146,117,34,3
807,No,377,17,807,Male,Married,Yes,No,No,0,unemployed,1245,3187,118,37,3
808,Yes,283,21,376,Male,Married,Yes,No,No,0,unemployed,1639,3061,99,26,4
809,No,262,15,773,Male,Married,No,No,Yes,0,unemployed,661,3733,114,27,3
810,No,1036,17,783,Male,Married,Yes,No,No,0,unemployed,1312,3753,88,32,3
811,No,354,21,845,Male,Married,No,Yes,No,0,unemployed,927,3129,95,32,5
812,Yes,-436,16,650,Female,Single,Yes,No,No,0,unemployed,1062,2673,91,25,8
813,No,419,13,867,Male,Married,No,Yes,No,0,unemployed,681,3376,105,31,6
814,Yes,54,18,695,Male,Single,Yes,No,No,0,unemployed,1093,3013,49,23,7
815,No,178,19,812,Male,Married,No,Yes,No,0,unemployed,1160,3218,59,32,9
816,No,-103,14,842,Male,Married,No,Yes,No,0,unemployed,1498,3512,119,32,9
817,No,503,18,828,Male,Married,No,Yes,No,0,unemployed,1668,3182,107,32,7
818,No,287,15,814,Male,Married,No,No,Yes,0,unemployed,1297,3382,1,35,8
819,No,829,26,778,Male,Married,Yes,No,No,0,unemployed,857,3527,21,32,7
820,No,889,13,773,Male,Single,No,Yes,No,0,unemployed,613,3202,12,34,6
821,Yes,395,17,687,Female,Single,No,Yes,No,0,unemployed,1197,2612,4,26,9
822,No,396,21,789,Male,Married,No,Yes,No,0,unemployed,1656,3650,105,34,9
823,No,616,9,788,Female,Single,No,Yes,No,0,unemployed,1121,3342,1,35,1
824,Yes,37,17,656,Male,Single,No,Yes,No,0,unemployed,1374,2723,19,27,1
825,Yes,284,15,869,Male,Married,No,Yes,No,0,unemployed,1146,2601,107,26,1
826,No,512,23,741,Female,Single,Yes,No,No,0,unemployed,973,3339,0,35,2
827,No,481,21,728,Female,Single,No,Yes,No,0,unemployed,975,2873,5,36,2
828,No,1019,21,819,Female,Single,No,Yes,No,0,unemployed,1664,3273,111,30,1
829,Yes,156,10,814,Male,Married,No,No,No,1,unemployed,1498,3105,0,32,2
830,No,-137,14,787,Male,Married,Yes,No,No,0,unemployed,1629,3432,24,28,1
831,No,908,23,736,Male,Single,No,Yes,No,0,unemployed,728,3846,8,33,1
832,No,764,15,782,Female,Single,No,Yes,No,0,unemployed,1798,2828,79,35,2
833,No,830,12,809,Male,Married,No,Yes,No,0,unemployed,885,3510,29,34,1
834,No,451,21,771,Male,Married,No,No,Yes,0,unemployed,1498,3147,50,29,2
835,No,626,16,774,Male,Married,No,No,No,1,unemployed,1080,3746,95,33,2
836,Yes,-208,19,827,Male,Single,Yes,No,No,0,unemployed,1607,2580,11,27,2
837,Yes,164,20,684,Male,Married,No,Yes,No,0,unemployed,1351,3121,10,32,1
838,Yes,160,15,674,Female,Single,Yes,No,No,0,unemployed,1496,3195,0,25,2
839,No,23,15,828,Male,Married,No,Yes,No,0,unemployed,1126,3717,116,31,2
840,No,630,11,791,Male,Married,No,No,Yes,0,unemployed,1284,3003,118,31,1
841,No,-285,12,778,Male,Married,No,No,Yes,0,unemployed,1154,3379,46,38,1
842,No,310,19,742,Male,Single,Yes,No,No,0,unemployed,790,3422,0,30,1
843,No,190,13,821,Female,Single,No,Yes,No,0,unemployed,1235,3185,93,31,1
844,Yes,101,19,640,Male,Married,No,No,No,1,unemployed,1625,2145,108,26,2
845,No,494,21,739,Male,Married,Yes,No,No,0,unemployed,1727,3223,89,33,1
846,No,406,21,814,Female,Single,No,Yes,No,0,unemployed,386,3006,12,29,2
847,Yes,240,18,512,Female,Single,No,Yes,No,0,unemployed,1281,3612,0,25,2
848,Yes,1,18,703,Female,Single,Yes,No,No,0,unemployed,1446,2555,8,25,1
849,Yes,322,23,740,Female,Single,No,Yes,No,0,unemployed,1082,3035,13,28,1
850,Yes,-39,20,718,Male,Married,No,No,No,1,unemployed,1091,2710,16,26,2
851,No,441,17,698,Male,Single,Yes,No,No,0,unemployed,1469,3125,21,33,2
852,No,530,21,837,Female,Single,Yes,No,No,0,unemployed,1062,3600,0,37,1
853,No,263,19,811,Male,Married,No,Yes,No,0,unemployed,1494,2877,0,33,2
854,No,267,13,851,Male,Single,Yes,No,No,0,unemployed,490,2850,30,36,2
855,Yes,-178,21,716,Male,Single,Yes,No,No,0,unemployed,1386,2834,115,21,1
856,Yes,140,23,708,Male,Married,Yes,No,No,0,unemployed,1415,2727,0,26,2
857,No,356,20,725,Male,Married,Yes,No,No,0,unemployed,1452,3309,91,36,2
858,No,399,17,823,Female,Single,Yes,No,No,0,unemployed,2362,3594,25,37,2
859,No,349,19,718,Male,Married,No,Yes,No,0,unemployed,1660,3498,77,38,2
860,No,374,17,841,Male,Single,No,Yes,No,0,unemployed,1075,3652,119,35,2
861,Yes,45,18,849,Female,Single,No,Yes,No,0,unemployed,631,2415,42,29,1
862,No,694,16,796,Female,Single,Yes,No,No,0,unemployed,1410,3666,61,36,2
863,No,211,13,722,Female,Single,Yes,No,No,0,unemployed,1109,3335,94,33,2
864,No,616,17,765,Male,Married,No,Yes,No,0,unemployed,1062,3543,13,33,2
865,No,-1,17,773,Male,Married,Yes,No,No,0,unemployed,1226,3258,30,29,2
866,No,454,15,756,Male,Married,No,No,Yes,0,unemployed,785,3543,32,30,1
867,No,395,20,688,Male,Married,Yes,No,No,0,unemployed,1115,3279,96,39,1
868,No,917,19,797,Male,Married,No,Yes,No,0,unemployed,1038,3213,113,33,1
869,No,355,15,803,Male,Single,Yes,No,No,0,unemployed,1537,3226,60,37,1
870,Yes,79,14,962,Female,Single,No,Yes,No,0,unemployed,1351,3149,36,34,2
871,Yes,258,14,833,Female,Single,No,Yes,No,0,unemployed,1197,2636,53,29,1
872,No,514,17,812,Male,Married,No,Yes,No,0,unemployed,1270,3731,0,35,1
873,No,473,19,739,Male,Married,Yes,No,No,0,unemployed,1212,3338,49,31,2
874,Yes,298,20,654,Male,Married,No,Yes,No,0,unemployed,1284,2843,112,26,2
875,No,191,25,822,Male,Married,No,Yes,No,0,unemployed,1271,3456,111,29,2
876,No,436,21,843,Male,Single,No,Yes,No,0,unemployed,1304,3384,0,31,1
877,No,914,18,753,Male,Married,Yes,No,No,0,unemployed,954,3237,111,31,2
878,No,800,18,812,Male,Married,Yes,No,No,0,unemployed,819,2760,85,36,1
879,No,586,16,750,Male,Married,Yes,No,No,0,unemployed,703,2350,114,37,2
880,No,461,16,916,Female,Single,Yes,No,No,0,unemployed,593,3131,1,35,2
881,No,618,18,757,Female,Single,No,Yes,No,0,unemployed,1472,3605,12,37,2
882,Yes,248,24,553,Male,Married,No,Yes,No,0,unemployed,1214,2776,0,28,2
883,Yes,2,16,724,Male,Married,Yes,No,No,0,unemployed,1266,2862,51,28,1
884,Yes,72,18,810,Male,Single,No,Yes,No,0,unemployed,1113,2739,93,28,2
885,No,330,16,716,Male,Married,Yes,No,No,0,unemployed,1243,3322,0,39,2
886,No,1319,11,793,Male,Married,Yes,No,No,0,unemployed,969,3324,0,30,1
887,Yes,-203,18,645,Male,Married,Yes,No,No,0,unemployed,1349,3341,111,30,1
888,Yes,183,21,746,Male,Married,No,No,No,1,unemployed,980,2704,94,34,2
889,No,465,19,802,Male,Married,Yes,No,No,0,unemployed,1697,3583,68,38,2
890,No,725,18,758,Male,Married,No,No,No,1,unemployed,638,3303,71,32,1
891,Yes,-7,20,665,Female,Single,Yes,No,No,0,unemployed,1703,2360,110,30,2
892,No,799,18,863,Male,Married,Yes,No,No,0,unemployed,1249,3277,12,35,2
893,No,555,13,805,Male,Married,Yes,No,No,0,unemployed,962,3414,34,31,2
894,Yes,116,22,716,Male,Married,Yes,No,No,0,unemployed,1083,3018,7,29,2
895,No,142,13,773,Male,Married,Yes,No,No,0,unemployed,1394,3134,19,30,2
896,No,145,21,792,Male,Married,No,Yes,No,0,unemployed,1183,2881,14,35,1
897,No,414,22,752,Male,Married,No,Yes,No,0,unemployed,1373,3165,42,30,2
898,Yes,85,20,843,Male,Married,Yes,No,No,0,unemployed,1078,3212,109,30,2
899,Yes,-293,21,818,Female,Single,Yes,No,No,0,unemployed,1002,2983,0,29,2
900,No,393,18,846,Female,Single,No,Yes,No,0,unemployed,1603,3282,54,31,1
901,No,462,21,810,Female,Single,Yes,No,No,0,unemployed,1435,3873,110,32,1
902,No,717,17,739,Male,Married,Yes,No,No,0,unemployed,1669,3453,32,31,2
903,No,822,17,783,Male,Married,No,Yes,No,0,unemployed,1041,3312,43,34,2
904,Yes,512,18,601,Male,Married,Yes,No,No,0,unemployed,997,3060,104,26,1
